"Timestamp","Can you attend?","What is your email address?","What year in medical school are you?","How familiar are you with Machine Learning?","Do you think Machine Learning should be taught in medical school?","How would you rate your programming/coding skills?"
"2020/08/17 6:15:56 PM AST","Yes, I'll be there!","rsstei2@emory.edu","M3 + MSCR Year","1","Yes",""
"2020/08/17 6:22:12 PM AST","Yes, I'll be there!","ambika.menon@emory.edu","M1","3","Yes",""
"2020/08/17 6:30:08 PM AST","Yes, I'll be there!","sean.doyle@emory.edu","PhD Years","1","Yes",""
"2020/08/17 6:50:04 PM AST","Yes, I'll be there!","ryan.archer@emory.edu","M2","6","Maybe",""
"2020/08/17 6:52:31 PM AST","Yes, I'll be there!","courtney.rae.lewis@emory.edu","M2","4","Yes",""
"2020/08/17 7:14:06 PM AST","Yes, I'll be there!","jon.t.willie@emory.edu","Faculty","7","Yes",""
"2020/08/17 7:41:51 PM AST","Yes, I'll be there!","sammybennett@cox.net","M1","2","Maybe",""
"2020/08/17 7:45:29 PM AST","Yes, I'll be there!","rachel.siegel@emory.edu","M1","1","Maybe",""
"2020/08/17 9:07:02 PM AST","Yes, I'll be there!","arosad2@protonmail.ch","PhD Years","7","Yes","10"
"2020/08/17 9:28:47 PM AST","Yes, I'll be there!","adong8@emory.edu","M3","4","Yes","2"
"2020/08/17 9:40:36 PM AST","Yes, I'll be there!","aojemak@emory.edu","M3","5","Maybe","4"
"2020/08/17 10:11:09 PM AST","Yes, I'll be there!","ore.olakunle@emory.edu","M1","1","Yes",""
"2020/08/17 10:22:57 PM AST","Yes, I'll be there!","andre.joseph.burnham@emory.edu","M1","2","Yes","1"
"2020/08/17 10:56:02 PM AST","Yes, I'll be there!","awaldm2@emory.edu","PhD Years","6","Yes","3"
"2020/08/18 12:01:23 AM AST","Yes, I'll be there!","Agreven@emory.edu","M3 + Business/MPH Year","2","Maybe","2"
"2020/08/18 1:18:31 AM AST","Yes, I'll be there!","ouner@emory.edu","M4","3","Maybe","2"
"2020/08/18 9:10:26 AM AST","Yes, I'll be there!","david.gelston@gmail.com","M1","5","Yes","2"
"2020/08/18 9:38:44 AM AST","Yes, I'll be there!","jordan.couceyro@emory.edu","M1","3","Maybe","2"
"2020/08/18 6:19:14 PM AST","I can't make it BUT would like to be added to the MedML email list","Kevin.cuneo@emory.edu","M1","4","Maybe","8"
"2020/08/18 8:21:06 PM AST","Yes, I'll be there!","annabel.lu@emory.edu","M1","2","Maybe","2"
"2020/08/18 8:32:59 PM AST","I can't make it BUT would like to be added to the MedML email list","Surabhi.beriwal@emory.edu","M1","10","Yes","10"
"2020/08/18 9:25:48 PM AST","Yes, I'll be there!","bbramm2@emory.edu","M1","1","Maybe","3"
"2020/08/19 5:07:01 AM AST","Yes, I'll be there!","Sbroid2@emory.edu","M4","8","Maybe","4"
"2020/08/19 6:14:49 PM AST","Yes, I'll be there!","kian.taylor@emory.edu","M2","6","No","7"
"2020/08/20 12:01:28 AM AST","Yes, I'll be there!","dan.li2@emory.edu","PhD Years","5","Maybe","3"
"2020/08/20 1:52:19 AM AST","Yes, I'll be there!","bmmcgin@emory.edu","M3 + Business/MPH Year","2","No","1"
"2020/08/20 8:10:29 AM AST","I can't make it BUT would like to be added to the MedML email list","Peter.myer@emory.edu","M1","1","Yes","1"
"2020/08/20 8:36:02 AM AST","Yes, I'll be there!","michaela.whitelaw@emory.edu","M1","1","Maybe","1"
"2020/08/20 9:45:20 AM AST","Yes, I'll be there!","kristin.harrington@emory.edu","PhD Years","2","Maybe","8"
"2020/08/20 5:54:12 PM AST","Yes, I'll be there!","mina.henes@emory.edu","M1","6","Yes","5"
"2020/08/21 7:43:06 AM AST","Yes, I'll be there!","megen.wittling@emory.edu","M2","3","Yes","5"
"2020/08/21 8:11:15 AM AST","Yes, I'll be there!","elizabeth.rieger@emory.edu","M1","5","Maybe","6"
"2020/08/21 10:54:38 AM AST","Yes, I'll be there!","leen.bakdash@emory.edu","M1","3","Maybe","2"
"2020/08/21 11:55:10 AM AST","Yes, I'll be there!","alice.hsu@emory.edu","M1","3","Yes","7"